Reference,Function,Value,Dielectric_or_technology,Tolerance,Rating,Manufacturer,MPN,LCSC,Footprint,Assembly,Include_in_assembly_BOM,Include_in_positions,Selection_status,Stock_shown,Stock_page_checked,Supplier_URL,Notes
C21,TCXO supply bypass,10 nF,X7R,10%,50 V,Samsung Electro-Mechanics,CL10B103KB8NNNC,C1589,wsprrypico-synth-shield:C_0603_1608Metric,SMT,yes,yes,Selected prototype,1684250,2026-10-06,https://www.lcsc.com/product-detail/C1589.html,
C22,TCXO OUT to XA AC coupling,1 nF,C0G / NP0,5%,50 V,Murata,GRM1885C1H102JA01D,C77026,wsprrypico-synth-shield:C_0603_1608Metric,SMT,yes,yes,Selected prototype,116800,2026-10-06,https://www.lcsc.com/product-detail/C77026.html,Previously approved prototype value; verify loaded XA amplitude/startup.
C23,TCXO additional bypass; Si5351 VDD/VDDO bypass,100 nF,X7R,10%,50 V,YAGEO,CC0603KRX7R9BB104,C14663,wsprrypico-synth-shield:C_0603_1608Metric,SMT,yes,yes,Selected prototype,6123450,2026-10-06,https://www.lcsc.com/product-detail/C14663.html,
C31,TCXO additional bypass; Si5351 VDD/VDDO bypass,100 nF,X7R,10%,50 V,YAGEO,CC0603KRX7R9BB104,C14663,wsprrypico-synth-shield:C_0603_1608Metric,SMT,yes,yes,Selected prototype,6123450,2026-10-06,https://www.lcsc.com/product-detail/C14663.html,
C32,TCXO additional bypass; Si5351 VDD/VDDO bypass,100 nF,X7R,10%,50 V,YAGEO,CC0603KRX7R9BB104,C14663,wsprrypico-synth-shield:C_0603_1608Metric,SMT,yes,yes,Selected prototype,6123450,2026-10-06,https://www.lcsc.com/product-detail/C14663.html,
C41,Clock LDO input/output capacitors,2.2 uF,X7R,10%,25 V,Samsung Electro-Mechanics,CL21B225KAFNFNE,C364318,wsprrypico-synth-shield:C_0805_2012Metric,SMT,yes,yes,Selected prototype,4240,2026-10-06,https://www.lcsc.com/product-detail/C364318.html,Previously approved nominal value. Effective capacitance and output ESR <=100 mohm require acceptance.
C42,Clock LDO input/output capacitors,2.2 uF,X7R,10%,25 V,Samsung Electro-Mechanics,CL21B225KAFNFNE,C364318,wsprrypico-synth-shield:C_0805_2012Metric,SMT,yes,yes,Selected prototype,4240,2026-10-06,https://www.lcsc.com/product-detail/C364318.html,Previously approved nominal value. Effective capacitance and output ESR <=100 mohm require acceptance.
C51,Amplifier switch input reservoir,10 uF,X7R,10%,25 V,Murata,GRM31CR71E106KA12L,C77093,wsprrypico-synth-shield:C_1206_3216Metric,SMT,yes,yes,Selected prototype,200000,2026-10-06,https://www.lcsc.com/product-detail/C77093.html,Source 10uF retained; select X7R 1206 instead of generic X5R 0805.
C52,TPS22918 CT slew capacitor,1 nF,C0G / NP0,5%,50 V,Murata,GRM1885C1H102JA01D,C77026,wsprrypico-synth-shield:C_0603_1608Metric,SMT,yes,yes,Selected prototype,116800,2026-10-06,https://www.lcsc.com/product-detail/C77026.html,Source 1nF retained; 50V exceeds TI CT capacitor 25V minimum guidance.
C53,Amplifier switched rail local bulk,1 uF,X7R,10%,50 V,YAGEO,AC0805KKX7R9BB105,C726584,wsprrypico-synth-shield:C_0805_2012Metric,SMT,yes,yes,Selected prototype,1985310,2026-10-06,https://www.lcsc.com/product-detail/C726584.html,
C65,Gate bias wiper bypass,100 nF,X7R,10%,50 V,YAGEO,CC0603KRX7R9BB104,C14663,wsprrypico-synth-shield:C_0603_1608Metric,SMT,yes,yes,Selected prototype,6123450,2026-10-06,https://www.lcsc.com/product-detail/C14663.html,
C61,RF input coupling; drain to SMA DC blocking,100 nF,C0G / NP0,5%,50 V,Walsin,1206N104J500CT,C170182,wsprrypico-synth-shield:C_1206_3216Metric,SMT,yes,yes,Selected prototype,158585,2026-10-06,https://www.lcsc.com/product-detail/C170182.html,Source nominal value retained. Ideal |Xc|=11.73ohm at135.7kHz; actual LF/VHF insertion loss and RF voltage require measurements.
C62,Amplifier drain-feed HF bypass,100 nF,X7R,10%,50 V,YAGEO,CC0603KRX7R9BB104,C14663,wsprrypico-synth-shield:C_0603_1608Metric,SMT,yes,yes,Selected prototype,6123450,2026-10-06,https://www.lcsc.com/product-detail/C14663.html,
C63,Amplifier drain-feed local bulk,1 uF,X7R,10%,50 V,YAGEO,AC0805KKX7R9BB105,C726584,wsprrypico-synth-shield:C_0805_2012Metric,SMT,yes,yes,Selected prototype,1985310,2026-10-06,https://www.lcsc.com/product-detail/C726584.html,
C64,RF input coupling; drain to SMA DC blocking,100 nF,C0G / NP0,5%,50 V,Walsin,1206N104J500CT,C170182,wsprrypico-synth-shield:C_1206_3216Metric,SMT,yes,yes,Selected prototype,158585,2026-10-06,https://www.lcsc.com/product-detail/C170182.html,Source nominal value retained. Ideal |Xc|=11.73ohm at135.7kHz; actual LF/VHF insertion loss and RF voltage require measurements.
C71,LS7366 supply bypass; PPS inverter supply bypass,100 nF,X7R,10%,50 V,YAGEO,CC0603KRX7R9BB104,C14663,wsprrypico-synth-shield:C_0603_1608Metric,SMT,yes,yes,Selected prototype,6123450,2026-10-06,https://www.lcsc.com/product-detail/C14663.html,
C72,Counter local bulk,1 uF,X7R,10%,50 V,YAGEO,AC0805KKX7R9BB105,C726584,wsprrypico-synth-shield:C_0805_2012Metric,SMT,yes,yes,Selected prototype,1985310,2026-10-06,https://www.lcsc.com/product-detail/C726584.html,
C73,LS7366 supply bypass; PPS inverter supply bypass,100 nF,X7R,10%,50 V,YAGEO,CC0603KRX7R9BB104,C14663,wsprrypico-synth-shield:C_0603_1608Metric,SMT,yes,yes,Selected prototype,6123450,2026-10-06,https://www.lcsc.com/product-detail/C14663.html,
C74,GPS header local supply bypass,2.2 uF,X7R,10%,25 V,Samsung Electro-Mechanics,CL21B225KAFNFNE,C364318,wsprrypico-synth-shield:C_0805_2012Metric,SMT,yes,yes,Selected prototype,4240,2026-10-06,https://www.lcsc.com/product-detail/C364318.html,External receiver adds its own recommended local bulk; no guarantee of hotplug or arbitrary cable stability.
C81,Button deglitch capacitor,10 nF,X7R,10%,50 V,Samsung Electro-Mechanics,CL10B103KB8NNNC,C1589,wsprrypico-synth-shield:C_0603_1608Metric,SMT,yes,yes,Selected prototype,1684250,2026-10-06,https://www.lcsc.com/product-detail/C1589.html,100us nominal RC with10kohm pull-up; firmware debounce still required.
D81,Shield indicator,Red LED,LED,Datasheet,20 mA device rating; ~1 mA design,Hubei KENTO Elec,KT-0603R,C2286,wsprrypico-synth-shield:LED_0603_1608Metric,SMT,yes,yes,Selected prototype,2607700,2026-10-06,https://www.lcsc.com/product-detail/C2286.html,Anode2; cathode1. GPIO and application behavior remain pending approval.
R31,SDA/SCL pull-ups,4.7 kohm,Thick film,1%,100 mW; 75 V,UNI-ROYAL,0603WAF4701T5E,C23162,wsprrypico-synth-shield:R_0603_1608Metric,SMT,yes,yes,Selected prototype,11600800,2026-10-06,https://www.lcsc.com/product-detail/C23162.html,Pull up to SYNTH_3V3; previously approved value; bus rise-time verification remains.
R32,SDA/SCL pull-ups,4.7 kohm,Thick film,1%,100 mW; 75 V,UNI-ROYAL,0603WAF4701T5E,C23162,wsprrypico-synth-shield:R_0603_1608Metric,SMT,yes,yes,Selected prototype,11600800,2026-10-06,https://www.lcsc.com/product-detail/C23162.html,Pull up to SYNTH_3V3; previously approved value; bus rise-time verification remains.
R51,AMP_EN default-off pull-down,100 kohm,Thick film,1%,100 mW; 75 V,UNI-ROYAL,0603WAF1003T5E,C25803,wsprrypico-synth-shield:R_0603_1608Metric,SMT,yes,yes,Selected prototype,14346400,2026-10-06,https://www.lcsc.com/product-detail/C25803.html,
R52,TPS22918 QOD to switched output,1 kohm,Thick film,1%,100 mW; 75 V,FOJAN,FRC0603F1001TS,C2907002,wsprrypico-synth-shield:R_0603_1608Metric,SMT,yes,yes,Selected prototype,10606600,2026-10-06,https://www.lcsc.com/product-detail/C2907002.html,
R61,RF gate series damping,22 ohm,Thick film,1%,100 mW; 75 V,UNI-ROYAL,0603WAF220JT5E,C23345,wsprrypico-synth-shield:R_0603_1608Metric,SMT,yes,yes,Selected prototype,5914300,2026-10-06,https://www.lcsc.com/product-detail/C23345.html,Preserve source value; Si5351 drive selection and gate waveform require measurements.
RV61,Amplifier gate bias adjustment,5 kohm,Trimmer,25%,150 mW,Bourns,TC33X-2-502E,C719177,wsprrypico-synth-shield:Potentiometer_Bourns_TC33X_Vertical,SMT,yes,yes,Selected prototype,12785,2026-10-06,https://www.lcsc.com/product-detail/C719177.html,Correct TC33X ordering code; wiper2; start at zero bias before enabling amplifier.
R62,Bias wiper to gate resistor,4.7 kohm,Thick film,1%,100 mW; 75 V,UNI-ROYAL,0603WAF4701T5E,C23162,wsprrypico-synth-shield:R_0603_1608Metric,SMT,yes,yes,Selected prototype,11600800,2026-10-06,https://www.lcsc.com/product-detail/C23162.html,
R63,Gate to ground resistor,100 kohm,Thick film,1%,100 mW; 75 V,UNI-ROYAL,0603WAF1003T5E,C25803,wsprrypico-synth-shield:R_0603_1608Metric,SMT,yes,yes,Selected prototype,14346400,2026-10-06,https://www.lcsc.com/product-detail/C25803.html,
R71,Counter CS and LFLAG inactive pull-ups,10 kohm,Thick film,1%,100 mW; 75 V,FOJAN,FRC0603F1002TS,C2906982,wsprrypico-synth-shield:R_0603_1608Metric,SMT,yes,yes,Selected prototype,3080500,2026-10-06,https://www.lcsc.com/product-detail/C2906982.html,Pull up to Pico3V3; do not pull these onto quiet synth rail.
R72,Counter CS and LFLAG inactive pull-ups,10 kohm,Thick film,1%,100 mW; 75 V,FOJAN,FRC0603F1002TS,C2906982,wsprrypico-synth-shield:R_0603_1608Metric,SMT,yes,yes,Selected prototype,3080500,2026-10-06,https://www.lcsc.com/product-detail/C2906982.html,Pull up to Pico3V3; do not pull these onto quiet synth rail.
R73,PPS input default pull-down,100 kohm,Thick film,1%,100 mW; 75 V,UNI-ROYAL,0603WAF1003T5E,C25803,wsprrypico-synth-shield:R_0603_1608Metric,SMT,yes,yes,Selected prototype,14346400,2026-10-06,https://www.lcsc.com/product-detail/C25803.html,
R74,CLK2 source damping,33 ohm,Thick film,1%,100 mW; 75 V,UNI-ROYAL,0603WAF330JT5E,C23140,wsprrypico-synth-shield:R_0603_1608Metric,SMT,yes,yes,Selected prototype,3573200,2026-10-06,https://www.lcsc.com/product-detail/C23140.html,At U31 source; 6.25MHz waveform and powered/unpowered behavior require verification.
R75,External PPS input series resistor,1 kohm,Thick film,1%,100 mW; 75 V,FOJAN,FRC0603F1001TS,C2907002,wsprrypico-synth-shield:R_0603_1608Metric,SMT,yes,yes,Selected prototype,10606600,2026-10-06,https://www.lcsc.com/product-detail/C2907002.html,Between header PPS and GP16/U72 input; not a level converter or power-off isolator.
R81,Button external pull-up,10 kohm,Thick film,1%,100 mW; 75 V,FOJAN,FRC0603F1002TS,C2906982,wsprrypico-synth-shield:R_0603_1608Metric,SMT,yes,yes,Selected prototype,3080500,2026-10-06,https://www.lcsc.com/product-detail/C2906982.html,
R82,LED series current limiter,1 kohm,Thick film,1%,100 mW; 75 V,FOJAN,FRC0603F1001TS,C2907002,wsprrypico-synth-shield:R_0603_1608Metric,SMT,yes,yes,Selected prototype,10606600,2026-10-06,https://www.lcsc.com/product-detail/C2907002.html,GPIO -> R82 -> LED anode; cathodeGND; ~1.3mA at Vf2.0V. GPIO remains pending.
R83,Button to GPIO series resistor,1 kohm,Thick film,1%,100 mW; 75 V,FOJAN,FRC0603F1001TS,C2907002,wsprrypico-synth-shield:R_0603_1608Metric,SMT,yes,yes,Selected prototype,10606600,2026-10-06,https://www.lcsc.com/product-detail/C2907002.html,
SW81,Shield pushbutton,Normally open; momentary SPST,Tactile switch,Drawing dimensions,12 V / 50 mA contact rating,XUNPU,TS-1088R-02026,C455280,wsprrypico-synth-shield:SW_SPST_XUNPU_TS1088R_4x3mm,SMT,yes,yes,Selected prototype,159150,2026-10-06,https://www.lcsc.com/product-detail/C455280.html,Active-low electrical interface selected; GPIO and application behavior remain pending approval.
U31,Synthesizer,Si5351A,CMOS,Datasheet,3.3 V,Skyworks / Silicon Labs,SI5351A-B-GTR,C504891,wsprrypico-synth-shield:MSOP-10_Si5351A_3x3mm_P0.5mm,SMT,yes,yes,Selected prototype,32922,2026-10-06,https://www.lcsc.com/product-detail/C504891.html,
U41,Quiet clock regulator,3.3 V fixed,LDO,Datasheet,300 mA device rating,Texas Instruments,TPS7A2033PDBVR,C2862740,wsprrypico-synth-shield:SOT-23-5,SMT,yes,yes,Selected prototype,201955,2026-10-06,https://www.lcsc.com/product-detail/C2862740.html,EN pin3 tied to IN pin1; assembled load/thermal budget required.
U51,Amplifier power switch,TPS22918,Load switch,Datasheet,5.5 V / 2 A device limits,Texas Instruments,TPS22918DBVR,C131941,wsprrypico-synth-shield:SOT-23-6,SMT,yes,yes,Selected prototype,11865,2026-10-06,https://www.lcsc.com/product-detail/C131941.html,
U71,Optional GPS frequency-calibration counter,LS7366R-S,CMOS,Datasheet,3.3 V,LSI/CSI,LS7366R-S,C3827808,wsprrypico-synth-shield:SOIC-14_3.9x8.7mm_P1.27mm,SMT,yes,yes,Selected prototype,577,2026-10-06,https://www.lcsc.com/product-detail/C3827808.html,
U72,PPS polarity and edge conditioning,SN74LVC1G14,Schmitt inverter,Datasheet,3.3 V,Texas Instruments,SN74LVC1G14DBVR,C7835,wsprrypico-synth-shield:SOT-23-5,SMT,yes,yes,Selected prototype,310340,2026-10-06,https://www.lcsc.com/product-detail/C7835.html,Pin1 NC; 2 input; 3 GND; 4 output; 5 VCC. PPS pulse/capture timing still requires verification.
Y21,Reference oscillator,25.000 MHz,TCXO,Exact KDS specification,3.3 V,KDS,1XTW25000MAA,C253672,wsprrypico-synth-shield:KDS_DSB321SDN_3.2x2.5mm,SMT,yes,yes,Selected prototype,507,2026-10-06,https://www.lcsc.com/product-detail/C253672.html,
